"id","code","name","chart_template_id/id","user_type_id/id","reconcile"
"pcg_10","100000","Capital.","l10n_tn.tn_chart_template","account.data_account_type_equity","False"
"pcg_101","101000","Capital social.","l10n_tn.tn_chart_template","account.data_account_type_equity","False"
"pcg_1011","101100","Capital souscrit - non appelé.","l10n_tn.tn_chart_template","account.data_account_type_equity","False"
"pcg_1012","101200","Capital souscrit - appelé, non versé.","l10n_tn.tn_chart_template","account.data_account_type_equity","False"
"pcg_1013","101300","Capital souscrit - appelé, versé.","l10n_tn.tn_chart_template","account.data_account_type_equity","False"
"pcg_10131","101310","Capital non amorti.","l10n_tn.tn_chart_template","account.data_account_type_equity","False"
"pcg_10132","101320","Capital amorti.","l10n_tn.tn_chart_template","account.data_account_type_equity","False"
"pcg_1018","101800","Capital souscrit soumis à une réglementation particulière.","l10n_tn.tn_chart_template","account.data_account_type_equity","False"
"pcg_105","105000","Fonds de dotation.","l10n_tn.tn_chart_template","account.data_account_type_equity","False"
"pcg_108","108000","Compte de l'exploitant.","l10n_tn.tn_chart_template","account.data_account_type_equity","False"
"pcg_109","109000","Actionnaires, capital souscrit - non appelé.","l10n_tn.tn_chart_template","account.data_account_type_equity","False"
"pcg_11","110000","Réserves et primes liées au capital.","l10n_tn.tn_chart_template","account.data_account_type_equity","False"
"pcg_111","111000","Réserve légale.","l10n_tn.tn_chart_template","account.data_account_type_equity","False"
"pcg_112","112000","Réserves statutaires.","l10n_tn.tn_chart_template","account.data_account_type_equity","False"
"pcg_117","117000","Primes liées au capital.","l10n_tn.tn_chart_template","account.data_account_type_equity","False"
"pcg_1171","117100","Primes d'émission.","l10n_tn.tn_chart_template","account.data_account_type_equity","False"
"pcg_1172","117200","Primes de fusion.","l10n_tn.tn_chart_template","account.data_account_type_equity","False"
"pcg_1173","117300","Primes d'apport.","l10n_tn.tn_chart_template","account.data_account_type_equity","False"
"pcg_1174","117400","Primes de conversion d'obligation.","l10n_tn.tn_chart_template","account.data_account_type_equity","False"
"pcg_1178","117800","Autres compléments d'apport.","l10n_tn.tn_chart_template","account.data_account_type_equity","False"
"pcg_118","118000","Autres réserves.","l10n_tn.tn_chart_template","account.data_account_type_equity","False"
"pcg_1181","118100","Réserves pour fonds social.","l10n_tn.tn_chart_template","account.data_account_type_equity","False"
"pcg_119","119000","Avoirs des actionnaires.","l10n_tn.tn_chart_template","account.data_account_type_equity","False"
"pcg_12","120000","Résultats reportés.","l10n_tn.tn_chart_template","account.data_account_type_equity","False"
"pcg_121","121000","Résultats reportés.","l10n_tn.tn_chart_template","account.data_account_type_equity","False"
"pcg_128","128000","Modifications comptables affectant les résultats reportés.","l10n_tn.tn_chart_template","account.data_account_type_equity","False"
"pcg_13","130000","Résultat de l'exercice.","l10n_tn.tn_chart_template","account.data_account_type_equity","False"
"pcg_131","131000","Résultat bénéficiaire.","l10n_tn.tn_chart_template","account.data_account_type_equity","False"
"pcg_135","135000","Résultat déficitaire.","l10n_tn.tn_chart_template","account.data_account_type_equity","False"
"pcg_14","140000","Autres capitaux propres.","l10n_tn.tn_chart_template","account.data_account_type_equity","False"
"pcg_141","141000","Titres soumis à des réglementations particulières.","l10n_tn.tn_chart_template","account.data_account_type_equity","False"
"pcg_142","142000","Réserves réglementées & réserves soumises à un régime fiscal particulier.","l10n_tn.tn_chart_template","account.data_account_type_equity","False"
"pcg_1421","142100","Réserves indisponibles.","l10n_tn.tn_chart_template","account.data_account_type_equity","False"
"pcg_143","143000","Amortissements dérogatoires.","l10n_tn.tn_chart_template","account.data_account_type_equity","False"
"pcg_144","144000","Réserve spéciale de réévaluation.","l10n_tn.tn_chart_template","account.data_account_type_equity","False"
"pcg_145","145000","Subventions d'investissement.","l10n_tn.tn_chart_template","account.data_account_type_equity","False"
"pcg_1451","145100","Subventions d'investissement.","l10n_tn.tn_chart_template","account.data_account_type_equity","False"
"pcg_1458","145800","Autres subventions d'investissement.","l10n_tn.tn_chart_template","account.data_account_type_equity","False"
"pcg_1459","145900","Subventions d'investissement inscrites aux comptes de résultat.","l10n_tn.tn_chart_template","account.data_account_type_equity","False"
"pcg_147","147000","Compte du concédant.","l10n_tn.tn_chart_template","account.data_account_type_equity","False"
"pcg_15","150000","Provisions pour risques & charges.","l10n_tn.tn_chart_template","account.data_account_type_equity","False"
"pcg_151","151000","Provisions pour risques.","l10n_tn.tn_chart_template","account.data_account_type_equity","False"
"pcg_1511","151100","Provisions pour litiges.","l10n_tn.tn_chart_template","account.data_account_type_equity","False"
"pcg_1512","151200","Provisions pour garanties données aux clients.","l10n_tn.tn_chart_template","account.data_account_type_equity","False"
"pcg_1513","151300","Provisions pour pertes sur  marchés à achèvement futur.","l10n_tn.tn_chart_template","account.data_account_type_equity","False"
"pcg_1514","151400","Provisions pour amendes & pénalités.","l10n_tn.tn_chart_template","account.data_account_type_equity","False"
"pcg_1515","151500","Provisions pour pertes de change.","l10n_tn.tn_chart_template","account.data_account_type_equity","False"
"pcg_1518","151800","Autres provisions pour risques.","l10n_tn.tn_chart_template","account.data_account_type_equity","False"
"pcg_152","152000","Provisions pour charges à répartir sur plusieurs exercices.","l10n_tn.tn_chart_template","account.data_account_type_equity","False"
"pcg_1522","152200","Provisions pour grosses réparations.","l10n_tn.tn_chart_template","account.data_account_type_equity","False"
"pcg_153","153000","Provisions pour retraites et obligations similaires.","l10n_tn.tn_chart_template","account.data_account_type_equity","False"
"pcg_154","154000","Provisions d'origine réglementaire.","l10n_tn.tn_chart_template","account.data_account_type_equity","False"
"pcg_155","155000","Provisions pour impôts.","l10n_tn.tn_chart_template","account.data_account_type_equity","False"
"pcg_156","156000","Provisions pour renouvellement des immobilisations.","l10n_tn.tn_chart_template","account.data_account_type_equity","False"
"pcg_157","157000","Provisions pour amortissement.","l10n_tn.tn_chart_template","account.data_account_type_equity","False"
"pcg_158","158000","Autres provisions pour charges.","l10n_tn.tn_chart_template","account.data_account_type_equity","False"
"pcg_16","160000","Emprunts & dettes assimilées.","l10n_tn.tn_chart_template","account.data_account_type_equity","False"
"pcg_161","161000","Emprunts obligataires (assorties de sûretés).","l10n_tn.tn_chart_template","account.data_account_type_equity","False"
"pcg_1611","161100","Emprunts obligataires convertibles en actions","l10n_tn.tn_chart_template","account.data_account_type_equity","False"
"pcg_1618","161800","Autres emprunts obligataires.","l10n_tn.tn_chart_template","account.data_account_type_equity","False"
"pcg_162","162000","Emprunts auprès des établissements financiers (assorties de sûretés)","l10n_tn.tn_chart_template","account.data_account_type_equity","False"
"pcg_1621","162100","Emprunts bancaires.","l10n_tn.tn_chart_template","account.data_account_type_equity","False"
"pcg_1626","162600","Refinancements acquis.","l10n_tn.tn_chart_template","account.data_account_type_equity","False"
"pcg_163","163000","Emprunts auprès d'autres établissements financiers (assorties de sûretés).","l10n_tn.tn_chart_template","account.data_account_type_equity","False"
"pcg_164","164000","Emprunts et dettes assorties de conditions particulières","l10n_tn.tn_chart_template","account.data_account_type_equity","False"
"pcg_1641","164100","Avances bloquées pour augmentation du capital.","l10n_tn.tn_chart_template","account.data_account_type_equity","False"
"pcg_1642","164200","Avances reçues et comptes courants des associés bloqués","l10n_tn.tn_chart_template","account.data_account_type_equity","False"
"pcg_1644","164400","Avances conditionnées de l'Etat & organismes internationaux.","l10n_tn.tn_chart_template","account.data_account_type_equity","False"
"pcg_165","165000","Emprunts non assorties de sûretés (à subdiviser selon l'ordre des comptes des emprunts).","l10n_tn.tn_chart_template","account.data_account_type_equity","False"
"pcg_166","166000","Dettes rattachées à des participations.","l10n_tn.tn_chart_template","account.data_account_type_equity","False"
"pcg_1661","166100","Dettes rattachées à des participations (groupe).","l10n_tn.tn_chart_template","account.data_account_type_equity","False"
"pcg_1662","166200","Dettes rattachées à des participations (hors groupe).","l10n_tn.tn_chart_template","account.data_account_type_equity","False"
"pcg_1663","166300","Dettes rattachées à des sociétés en participation.","l10n_tn.tn_chart_template","account.data_account_type_equity","False"
"pcg_167","167000","Dépôts & cautionnements reçus.","l10n_tn.tn_chart_template","account.data_account_type_equity","False"
"pcg_168","168000","Autres emprunts et dettes.","l10n_tn.tn_chart_template","account.data_account_type_equity","False"
"pcg_1681","168100","Autres emprunts.","l10n_tn.tn_chart_template","account.data_account_type_equity","False"
"pcg_1685","168500","Crédit fournisseurs d'immobilisations.","l10n_tn.tn_chart_template","account.data_account_type_equity","False"
"pcg_1688","168800","Autres dettes non courantes.","l10n_tn.tn_chart_template","account.data_account_type_equity","False"
"pcg_17","170000","Comptes de liaison des établissements & succursales.","l10n_tn.tn_chart_template","account.data_account_type_equity","False"
"pcg_171","171000","Comptes des liaison des établissements.","l10n_tn.tn_chart_template","account.data_account_type_equity","False"
"pcg_176","176000","Biens & prestations de services échangés entre établissements (charges).","l10n_tn.tn_chart_template","account.data_account_type_equity","False"
"pcg_177","177000","Biens & prestations de services échangés entre établissements (produits).","l10n_tn.tn_chart_template","account.data_account_type_equity","False"
"pcg_18","180000","Autres Passifs non courants.","l10n_tn.tn_chart_template","account.data_account_type_equity","False"
"pcg_185","185000","Écarts de conversion.","l10n_tn.tn_chart_template","account.data_account_type_equity","False"
"pcg_188","188000","Autres.","l10n_tn.tn_chart_template","account.data_account_type_equity","False"
"pcg_21","210000","Immobilisations incorporelles.","l10n_tn.tn_chart_template","account.data_account_type_current_assets","False"
"pcg_211","211000","Investissements de recherche & de développement.","l10n_tn.tn_chart_template","account.data_account_type_current_assets","False"
"pcg_212","212000","Concessions de marques, brevets, licences, marques, procédés & valeurs similaires.","l10n_tn.tn_chart_template","account.data_account_type_current_assets","False"
"pcg_213","213000","Logiciels.","l10n_tn.tn_chart_template","account.data_account_type_current_assets","False"
"pcg_214","214000","Fonds commercial.","l10n_tn.tn_chart_template","account.data_account_type_current_assets","False"
"pcg_216","216000","Droit au bail.","l10n_tn.tn_chart_template","account.data_account_type_current_assets","False"
"pcg_218","218000","Autres immobilisations incorporelles.","l10n_tn.tn_chart_template","account.data_account_type_current_assets","False"
"pcg_22","220000","Immobilisations corporelles.","l10n_tn.tn_chart_template","account.data_account_type_current_assets","False"
"pcg_221","221000","Terrains.","l10n_tn.tn_chart_template","account.data_account_type_current_assets","False"
"pcg_2213","221300","Terrains nus.","l10n_tn.tn_chart_template","account.data_account_type_current_assets","False"
"pcg_2214","221400","Terrains aménagés.","l10n_tn.tn_chart_template","account.data_account_type_current_assets","False"
"pcg_2215","221500","Terrains bâtis.","l10n_tn.tn_chart_template","account.data_account_type_current_assets","False"
"pcg_2216","221600","Agencements & aménagements des terrains.","l10n_tn.tn_chart_template","account.data_account_type_current_assets","False"
"pcg_222","222000","Constructions.","l10n_tn.tn_chart_template","account.data_account_type_current_assets","False"
"pcg_2221","222100","Bâtiments.","l10n_tn.tn_chart_template","account.data_account_type_current_assets","False"
"pcg_2225","222500","Installations générales, agencements & aménagements des constructions","l10n_tn.tn_chart_template","account.data_account_type_current_assets","False"
"pcg_2226","222600","Ouvrages d'infrastructure.","l10n_tn.tn_chart_template","account.data_account_type_current_assets","False"
"pcg_2227","222700","Constructions sur sol d'autrui.","l10n_tn.tn_chart_template","account.data_account_type_current_assets","False"
"pcg_223","223000","Installations techniques, matériel et outillage industriels.","l10n_tn.tn_chart_template","account.data_account_type_current_assets","False"
"pcg_2231","223100","Installations techniques.","l10n_tn.tn_chart_template","account.data_account_type_current_assets","False"
"pcg_2234","223400","Matériel industriel.","l10n_tn.tn_chart_template","account.data_account_type_current_assets","False"
"pcg_2235","223500","Outillage industriel.","l10n_tn.tn_chart_template","account.data_account_type_current_assets","False"
"pcg_2237","223700","Agencements & aménagements du matériel & outillage industriels.","l10n_tn.tn_chart_template","account.data_account_type_current_assets","False"
"pcg_224","224000","Matériel de transport","l10n_tn.tn_chart_template","account.data_account_type_current_assets","False"
"pcg_2241","224100","Matériel de transport de biens.","l10n_tn.tn_chart_template","account.data_account_type_current_assets","False"
"pcg_2244","224400","Matériel de transport de personnes.","l10n_tn.tn_chart_template","account.data_account_type_current_assets","False"
"pcg_228","228000","Autres immobilisations corporelles.","l10n_tn.tn_chart_template","account.data_account_type_current_assets","False"
"pcg_2281","228100","Installations générales, agencements et aménagements divers.","l10n_tn.tn_chart_template","account.data_account_type_current_assets","False"
"pcg_2282","228200","Équipement de bureau.","l10n_tn.tn_chart_template","account.data_account_type_current_assets","False"
"pcg_2286","228600","Emballages récupérables identifiables.","l10n_tn.tn_chart_template","account.data_account_type_current_assets","False"
"pcg_23","230000","Immobilisations en cours.","l10n_tn.tn_chart_template","account.data_account_type_current_assets","False"
"pcg_231","231000","Immobilisations incorporelles en cours.","l10n_tn.tn_chart_template","account.data_account_type_current_assets","False"
"pcg_232","232000","Immobilisations corporelles en cours.","l10n_tn.tn_chart_template","account.data_account_type_current_assets","False"
"pcg_237","237000","Avances & acomptes versés sur immobilisations incorporelles.","l10n_tn.tn_chart_template","account.data_account_type_current_assets","False"
"pcg_238","238000","Avances & acomptes versés sur commandes d'immobilisations corporelles.","l10n_tn.tn_chart_template","account.data_account_type_current_assets","False"
"pcg_24","240000","Immobilisations à statut juridique particulier.","l10n_tn.tn_chart_template","account.data_account_type_current_assets","False"
"pcg_25","250000","Participations & créances liées à des participations.","l10n_tn.tn_chart_template","account.data_account_type_current_assets","False"
"pcg_251","251000","Titres de participation.","l10n_tn.tn_chart_template","account.data_account_type_current_assets","False"
"pcg_2511","251100","Actions.","l10n_tn.tn_chart_template","account.data_account_type_current_assets","False"
"pcg_2518","251800","Autres titres.","l10n_tn.tn_chart_template","account.data_account_type_current_assets","False"
"pcg_256","256000","Autres formes de participation.","l10n_tn.tn_chart_template","account.data_account_type_current_assets","False"
"pcg_257","257000","Créances rattachées à des participations.","l10n_tn.tn_chart_template","account.data_account_type_current_assets","False"
"pcg_2571","257100","Créances rattachées à des participations (groupe).","l10n_tn.tn_chart_template","account.data_account_type_current_assets","False"
"pcg_2574","257400","Créances rattachées à des participations (hors groupe).","l10n_tn.tn_chart_template","account.data_account_type_current_assets","False"
"pcg_2575","257500","Versements représentatifs d'apports non capitalisés (appel de fonds).","l10n_tn.tn_chart_template","account.data_account_type_current_assets","False"
"pcg_2576","257600","Avances consolidables.","l10n_tn.tn_chart_template","account.data_account_type_current_assets","False"
"pcg_2577","257700","Autres créances rattachées à des participations.","l10n_tn.tn_chart_template","account.data_account_type_current_assets","False"
"pcg_258","258000","Créances rattachées à des sociétés en participation.","l10n_tn.tn_chart_template","account.data_account_type_current_assets","False"
"pcg_259","259000","Versements restant à effectuer sur titres de participation non libérés.","l10n_tn.tn_chart_template","account.data_account_type_current_assets","False"
"pcg_26","260000","Autres immobilisations financières.","l10n_tn.tn_chart_template","account.data_account_type_current_assets","False"
"pcg_261","261000","Titres immobilisés (droit de propriété)","l10n_tn.tn_chart_template","account.data_account_type_current_assets","False"
"pcg_2611","261100","Actions.","l10n_tn.tn_chart_template","account.data_account_type_current_assets","False"
"pcg_2618","261800","Autres titres.","l10n_tn.tn_chart_template","account.data_account_type_current_assets","False"
"pcg_262","262000","Titres immobilisés (droit de créance)","l10n_tn.tn_chart_template","account.data_account_type_current_assets","False"
"pcg_2621","262100","Obligations.","l10n_tn.tn_chart_template","account.data_account_type_current_assets","False"
"pcg_2622","262200","Bons.","l10n_tn.tn_chart_template","account.data_account_type_current_assets","False"
"pcg_264","264000","Prêts.","l10n_tn.tn_chart_template","account.data_account_type_current_assets","False"
"pcg_2641","264100","Prêts participatifs.","l10n_tn.tn_chart_template","account.data_account_type_current_assets","False"
"pcg_2642","264200","Prêts aux associés.","l10n_tn.tn_chart_template","account.data_account_type_current_assets","False"
"pcg_2643","264300","Prêts au personnel.","l10n_tn.tn_chart_template","account.data_account_type_current_assets","False"
"pcg_2645","264500","Prêts assortis de sûretés (à subdiviser).","l10n_tn.tn_chart_template","account.data_account_type_current_assets","False"
"pcg_2648","264800","Autres prêts.","l10n_tn.tn_chart_template","account.data_account_type_current_assets","False"
"pcg_265","265000","Dépôts et cautionnements versés.","l10n_tn.tn_chart_template","account.data_account_type_current_assets","False"
"pcg_2651","265100","Dépôts.","l10n_tn.tn_chart_template","account.data_account_type_current_assets","False"
"pcg_2655","265500","Cautionnements.","l10n_tn.tn_chart_template","account.data_account_type_current_assets","False"
"pcg_2656","265600","Dépôts bancaires non courants","l10n_tn.tn_chart_template","account.data_account_type_current_assets","False"
"pcg_2658","265800","Autres.","l10n_tn.tn_chart_template","account.data_account_type_current_assets","False"
"pcg_266","266000","Autres créances immobilisées","l10n_tn.tn_chart_template","account.data_account_type_current_assets","False"
"pcg_2661","266100","Créances immobilisées","l10n_tn.tn_chart_template","account.data_account_type_current_assets","False"
"pcg_2667","266700","Créances diverses.","l10n_tn.tn_chart_template","account.data_account_type_current_assets","False"
"pcg_2668","266800","Autres créances non courantes.","l10n_tn.tn_chart_template","account.data_account_type_current_assets","False"
"pcg_269","269000","Versements restant à effectuer sur titres immobilisés non libérés.","l10n_tn.tn_chart_template","account.data_account_type_current_assets","False"
"pcg_27","270000","Autres actifs non courants.","l10n_tn.tn_chart_template","account.data_account_type_current_assets","False"
"pcg_271","271000","Frais préliminaires.","l10n_tn.tn_chart_template","account.data_account_type_current_assets","False"
"pcg_272","272000","Charges à répartir.","l10n_tn.tn_chart_template","account.data_account_type_current_assets","False"
"pcg_273","273000","Frais d'émission et primes de remboursement des emprunts.","l10n_tn.tn_chart_template","account.data_account_type_current_assets","False"
"pcg_275","275000","Écarts de conversion.","l10n_tn.tn_chart_template","account.data_account_type_current_assets","False"
"pcg_278","278000","Autres.","l10n_tn.tn_chart_template","account.data_account_type_current_assets","False"
"pcg_28","280000","Amortissements des immobilisations.","l10n_tn.tn_chart_template","account.data_account_type_current_assets","False"
"pcg_281","281000","Amortissements des immobilisations incorporelles (même ventilation que celle du compte 21).","l10n_tn.tn_chart_template","account.data_account_type_current_assets","False"
"pcg_282","282000","Amortissements des immobilisations corporelles (même ventilation que celle du compte 22).","l10n_tn.tn_chart_template","account.data_account_type_current_assets","False"
"pcg_284","284000","Amortissements des immobilisations à statut juridique particulier.","l10n_tn.tn_chart_template","account.data_account_type_current_assets","False"
"pcg_29","290000","Provisions pour dépréciation des actifs immobilisés.","l10n_tn.tn_chart_template","account.data_account_type_current_assets","False"
"pcg_291","291000","Provisions pour dépréciation des immobilisations incorporelles (même ventilation que celle du compte 21).","l10n_tn.tn_chart_template","account.data_account_type_current_assets","False"
"pcg_292","292000","Provisions pour dépréciation des immobilisations corporelles (même ventilation que celle du compte 22).","l10n_tn.tn_chart_template","account.data_account_type_current_assets","False"
"pcg_293","293000","Provisions pour dépréciation des immobilisations en cours (même ventilation que celle du compte 23).","l10n_tn.tn_chart_template","account.data_account_type_current_assets","False"
"pcg_294","294000","Provisions pour dépréciation des immobilisations à statut juridique particulier.","l10n_tn.tn_chart_template","account.data_account_type_current_assets","False"
"pcg_295","295000","Provisions pour dépréciation des participations et des créances liées à des participations (même ventilation que celle du compte 25).","l10n_tn.tn_chart_template","account.data_account_type_current_assets","False"
"pcg_296","296000","Provisions pour dépréciation des autres immobilisations financières (même ventilation que celle du compte 26).","l10n_tn.tn_chart_template","account.data_account_type_current_assets","False"
"pcg_31","310000","Matières premières & fournitures liées.","l10n_tn.tn_chart_template","account.data_account_type_current_assets","False"
"pcg_311","311000","Matières premières.","l10n_tn.tn_chart_template","account.data_account_type_current_assets","False"
"pcg_313","313000","Fournitures.","l10n_tn.tn_chart_template","account.data_account_type_current_assets","False"
"pcg_317","317000","Autres.","l10n_tn.tn_chart_template","account.data_account_type_current_assets","False"
"pcg_32","320000","Autres approvisionnements.","l10n_tn.tn_chart_template","account.data_account_type_current_assets","False"
"pcg_321","321000","Matières consommables.","l10n_tn.tn_chart_template","account.data_account_type_current_assets","False"
"pcg_322","322000","Fournitures consommables.","l10n_tn.tn_chart_template","account.data_account_type_current_assets","False"
"pcg_326","326000","Emballages.","l10n_tn.tn_chart_template","account.data_account_type_current_assets","False"
"pcg_327","327000","Autres.","l10n_tn.tn_chart_template","account.data_account_type_current_assets","False"
"pcg_33","330000","En-cours de production de biens.","l10n_tn.tn_chart_template","account.data_account_type_current_assets","False"
"pcg_331","331000","Produits en cours.","l10n_tn.tn_chart_template","account.data_account_type_current_assets","False"
"pcg_335","335000","Travaux en cours.","l10n_tn.tn_chart_template","account.data_account_type_current_assets","False"
"pcg_34","340000","En-cours de production de services.","l10n_tn.tn_chart_template","account.data_account_type_current_assets","False"
"pcg_341","341000","Études en cours.","l10n_tn.tn_chart_template","account.data_account_type_current_assets","False"
"pcg_345","345000","Prestations de services en cours.","l10n_tn.tn_chart_template","account.data_account_type_current_assets","False"
"pcg_35","350000","Stocks de produits.","l10n_tn.tn_chart_template","account.data_account_type_current_assets","False"
"pcg_351","351000","Produits intermédiaires.","l10n_tn.tn_chart_template","account.data_account_type_current_assets","False"
"pcg_355","355000","Produits finis.","l10n_tn.tn_chart_template","account.data_account_type_current_assets","False"
"pcg_357","357000","Produits résiduels.","l10n_tn.tn_chart_template","account.data_account_type_current_assets","False"
"pcg_37","370000","Stocks de marchandises.","l10n_tn.tn_chart_template","account.data_account_type_current_assets","False"
"pcg_39","390000","Provisions pour dépréciation des stocks.","l10n_tn.tn_chart_template","account.data_account_type_current_assets","False"
"pcg_40","400000","Fournisseurs & comptes rattachés.","l10n_tn.tn_chart_template","account.data_account_type_payable","True"
"pcg_401","401000","Fournisseurs d'exploitation.","l10n_tn.tn_chart_template","account.data_account_type_payable","True"
"pcg_4011","401100","Fournisseurs - achats de biens ou de prestations de services.","l10n_tn.tn_chart_template","account.data_account_type_payable","True"
"pcg_4017","401700","Fournisseurs - retenues de garantie.","l10n_tn.tn_chart_template","account.data_account_type_payable","True"
"pcg_403","403000","Fournisseurs d'exploitation - effets à payer.","l10n_tn.tn_chart_template","account.data_account_type_payable","True"
"pcg_404","404000","Fournisseurs d'immobilisations.","l10n_tn.tn_chart_template","account.data_account_type_payable","True"
"pcg_4041","404100","Fournisseurs - achats d'immobilisations.","l10n_tn.tn_chart_template","account.data_account_type_payable","True"
"pcg_4047","404700","Fournisseurs d'immobilisations - retenues de garantie.","l10n_tn.tn_chart_template","account.data_account_type_payable","True"
"pcg_405","405000","Fournisseurs d'immobilisations - effets à payer.","l10n_tn.tn_chart_template","account.data_account_type_payable","True"
"pcg_408","408000","Fournisseurs - factures non parvenues.","l10n_tn.tn_chart_template","account.data_account_type_payable","True"
"pcg_4081","408100","Fournisseurs d'exploitation.","l10n_tn.tn_chart_template","account.data_account_type_payable","True"
"pcg_4084","408400","Fournisseurs d'immobilisations.","l10n_tn.tn_chart_template","account.data_account_type_payable","True"
"pcg_4088","408800","Fournisseurs - intérêts courus.","l10n_tn.tn_chart_template","account.data_account_type_payable","True"
"pcg_409","409000","Fournisseurs débiteurs.","l10n_tn.tn_chart_template","account.data_account_type_payable","True"
"pcg_4091","409100","Fournisseurs - avances et acomptes versés sur commandes.","l10n_tn.tn_chart_template","account.data_account_type_payable","True"
"pcg_4096","409600","Fournisseurs - créances pour emballages et matériel à rendre.","l10n_tn.tn_chart_template","account.data_account_type_payable","True"
"pcg_4097","409700","Fournisseurs - autres avoirs.","l10n_tn.tn_chart_template","account.data_account_type_payable","True"
"pcg_40971","409710","Fournisseurs d'exploitation.","l10n_tn.tn_chart_template","account.data_account_type_payable","True"
"pcg_40974","409740","Fournisseurs d'immobilisations.","l10n_tn.tn_chart_template","account.data_account_type_payable","True"
"pcg_4098","409800","Rabais, remises, ristournes à obtenir et autres avoirs non encore reçus.","l10n_tn.tn_chart_template","account.data_account_type_payable","True"
"pcg_41","410000","Clients & comptes rattachés.","l10n_tn.tn_chart_template","account.data_account_type_receivable","True"
"pcg_411","411000","Clients.","l10n_tn.tn_chart_template","account.data_account_type_receivable","True"
"pcg_4111","411100","Clients - ventes de biens ou de prestations de services.","l10n_tn.tn_chart_template","account.data_account_type_receivable","True"
"pcg_4117","411700","Clients - retenues de garantie.","l10n_tn.tn_chart_template","account.data_account_type_receivable","True"
"pcg_413","413000","Clients - effets à recevoir.","l10n_tn.tn_chart_template","account.data_account_type_receivable","True"
"pcg_416","416000","Clients douteux ou litigieux.","l10n_tn.tn_chart_template","account.data_account_type_receivable","True"
"pcg_417","417000","Créances sur travaux non encore facturables.","l10n_tn.tn_chart_template","account.data_account_type_receivable","True"
"pcg_418","418000","Clients - produits non encore facturés (produits à recevoir).","l10n_tn.tn_chart_template","account.data_account_type_receivable","True"
"pcg_4181","418100","Factures à établir.","l10n_tn.tn_chart_template","account.data_account_type_receivable","True"
"pcg_4188","418800","Intérêts courus.","l10n_tn.tn_chart_template","account.data_account_type_receivable","True"
"pcg_419","419000","Clients créditeurs.","l10n_tn.tn_chart_template","account.data_account_type_receivable","True"
"pcg_4191","419100","Clients - avances et acomptes reçus sur commandes.","l10n_tn.tn_chart_template","account.data_account_type_receivable","True"
"pcg_4196","419600","Clients - dettes pour emballages et matériel consignés.","l10n_tn.tn_chart_template","account.data_account_type_receivable","True"
"pcg_4197","419700","Clients - autres avoirs.","l10n_tn.tn_chart_template","account.data_account_type_receivable","True"
"pcg_4198","419800","Rabais, remises, ristournes à accorder et autres avoirs à établir.","l10n_tn.tn_chart_template","account.data_account_type_receivable","True"
"pcg_42","420000","Personnel & comptes rattachés.","l10n_tn.tn_chart_template","account.data_account_type_payable","True"
"pcg_421","421000","Personnel - avances et acomptes.","l10n_tn.tn_chart_template","account.data_account_type_payable","True"
"pcg_422","422000","Comités d'entreprises et autres organes représentatifs du personnel.","l10n_tn.tn_chart_template","account.data_account_type_payable","True"
"pcg_423","423000","Personnel, œuvres sociales.","l10n_tn.tn_chart_template","account.data_account_type_payable","True"
"pcg_425","425000","Personnel - rémunérations dues.","l10n_tn.tn_chart_template","account.data_account_type_payable","True"
"pcg_426","426000","Personnel - dépôts.","l10n_tn.tn_chart_template","account.data_account_type_payable","True"
"pcg_427","427000","Personnel - oppositions.","l10n_tn.tn_chart_template","account.data_account_type_payable","True"
"pcg_428","428000","Personnel - charges à payer & produits à recevoir.","l10n_tn.tn_chart_template","account.data_account_type_payable","True"
"pcg_4282","428200","Dettes provisionnées pour congés à payer.","l10n_tn.tn_chart_template","account.data_account_type_payable","True"
"pcg_4286","428600","Autres charges à payer.","l10n_tn.tn_chart_template","account.data_account_type_payable","True"
"pcg_4287","428700","Produits à recevoir.","l10n_tn.tn_chart_template","account.data_account_type_payable","True"
"pcg_43","430000","Etat & collectivités publiques.","l10n_tn.tn_chart_template","account.data_account_type_payable","True"
"pcg_431","431000","Etat - subventions à recevoir.","l10n_tn.tn_chart_template","account.data_account_type_payable","True"
"pcg_432","432000","Etat, impôts et taxes retenus à la source.","l10n_tn.tn_chart_template","account.data_account_type_payable","True"
"pcg_433","433000","Opérations particulières avec l'Etat, les collectivités publiques, les organismes internationaux.","l10n_tn.tn_chart_template","account.data_account_type_payable","True"
"pcg_434","434000","Etat - impôts sur les bénéfices.","l10n_tn.tn_chart_template","account.data_account_type_payable","True"
"pcg_4341","434100","Retenue à la source.","l10n_tn.tn_chart_template","account.data_account_type_payable","True"
"pcg_4342","434200","Acomptes provisionnels.","l10n_tn.tn_chart_template","account.data_account_type_payable","True"
"pcg_4343","434300","Impôt à liquider.","l10n_tn.tn_chart_template","account.data_account_type_payable","True"
"pcg_4349","434900","Impôts différés.","l10n_tn.tn_chart_template","account.data_account_type_payable","True"
"pcg_435","435000","Obligations cautionnées.","l10n_tn.tn_chart_template","account.data_account_type_payable","True"
"pcg_436","436000","Etat - taxes sur le chiffre d'affaires.","l10n_tn.tn_chart_template","account.data_account_type_payable","True"
"pcg_4365","436500","Taxes sur le chiffre d'affaires à décaisser.","l10n_tn.tn_chart_template","account.data_account_type_payable","True"
"pcg_43651","436510","TVA à payer.","l10n_tn.tn_chart_template","account.data_account_type_payable","True"
"pcg_43658","436580","Autres taxes sur le chiffre d'affaires.","l10n_tn.tn_chart_template","account.data_account_type_payable","True"
"pcg_4366","436600","Taxes sur le chiffre d'affaires déductibles.","l10n_tn.tn_chart_template","account.data_account_type_payable","True"
"pcg_43662","436620","TVA sur immobilisations.","l10n_tn.tn_chart_template","account.data_account_type_payable","True"
"pcg_43663","436630","TVA transférée par d'autres entreprises.","l10n_tn.tn_chart_template","account.data_account_type_payable","True"
"pcg_43666","436660","TVA sur autres biens et services.","l10n_tn.tn_chart_template","account.data_account_type_payable","True"
"pcg_43667","436670","Crédit de TVA à reporter.","l10n_tn.tn_chart_template","account.data_account_type_payable","True"
"pcg_43668","436680","Autres taxes sur le chiffre d'affaires.","l10n_tn.tn_chart_template","account.data_account_type_payable","True"
"pcg_4367","436700","Taxes sur le chiffre d'affaires collectées par l'entreprise.","l10n_tn.tn_chart_template","account.data_account_type_payable","True"
"pcg_43671","436710","TVA collectée.","l10n_tn.tn_chart_template","account.data_account_type_payable","True"
"pcg_436711","436711","TVA collectée sur les débits.","l10n_tn.tn_chart_template","account.data_account_type_payable","True"
"pcg_436712","436712","TVA collectée sur les encaissements.","l10n_tn.tn_chart_template","account.data_account_type_payable","True"
"pcg_43678","436780","Autres taxes sur le chiffre d'affaires.","l10n_tn.tn_chart_template","account.data_account_type_payable","True"
"pcg_4368","436800","Taxes sur le chiffre d'affaires à régulariser ou en attente.","l10n_tn.tn_chart_template","account.data_account_type_payable","True"
"pcg_437","437000","Autres impôts, taxes et versements assimilés.","l10n_tn.tn_chart_template","account.data_account_type_payable","True"
"pcg_438","438000","Etat - charges à payer et produits à recevoir.","l10n_tn.tn_chart_template","account.data_account_type_payable","True"
"pcg_4382","438200","Charges fiscales sur congés à payer.","l10n_tn.tn_chart_template","account.data_account_type_payable","True"
"pcg_4386","438600","Autres charges à payer.","l10n_tn.tn_chart_template","account.data_account_type_payable","True"
"pcg_4387","438700","Produits à recevoir.","l10n_tn.tn_chart_template","account.data_account_type_payable","True"
"pcg_44","440000","Sociétés du groupe & associés.","l10n_tn.tn_chart_template","account.data_account_type_payable","True"
"pcg_441","441000","Groupe.","l10n_tn.tn_chart_template","account.data_account_type_payable","True"
"pcg_4411","441100","Créances et intérêts courus.","l10n_tn.tn_chart_template","account.data_account_type_payable","True"
"pcg_4412","441200","Dettes et intérêts à payer.","l10n_tn.tn_chart_template","account.data_account_type_payable","True"
"pcg_442","442000","Associés - comptes courants.","l10n_tn.tn_chart_template","account.data_account_type_payable","True"
"pcg_4421","442100","Principal.","l10n_tn.tn_chart_template","account.data_account_type_payable","True"
"pcg_4428","442800","Intérêts courus.","l10n_tn.tn_chart_template","account.data_account_type_payable","True"
"pcg_446","446000","Associés - opérations sur le capital.","l10n_tn.tn_chart_template","account.data_account_type_payable","True"
"pcg_447","447000","Associés - dividendes à payer.","l10n_tn.tn_chart_template","account.data_account_type_payable","True"
"pcg_448","448000","Associés - opérations faites en commun.","l10n_tn.tn_chart_template","account.data_account_type_payable","True"
"pcg_4481","448100","Opérations courantes.","l10n_tn.tn_chart_template","account.data_account_type_payable","True"
"pcg_4488","448800","Intérêts courus.","l10n_tn.tn_chart_template","account.data_account_type_payable","True"
"pcg_45","450000","Débiteurs divers & créditeurs divers.","l10n_tn.tn_chart_template","account.data_account_type_payable","True"
"pcg_452","452000","Créances sur cessions d'immobilisations.","l10n_tn.tn_chart_template","account.data_account_type_payable","True"
"pcg_453","453000","Sécurité sociale et autres organismes sociaux.","l10n_tn.tn_chart_template","account.data_account_type_payable","True"
"pcg_4531","453100","Organismes sociaux.","l10n_tn.tn_chart_template","account.data_account_type_payable","True"
"pcg_45311","453110","CNSS.","l10n_tn.tn_chart_template","account.data_account_type_payable","True"
"pcg_45318","453180","Autres.","l10n_tn.tn_chart_template","account.data_account_type_payable","True"
"pcg_4538","453800","Organismes sociaux - charges à payer et produits à recevoir.","l10n_tn.tn_chart_template","account.data_account_type_payable","True"
"pcg_45382","453820","Charges sociales sur congés à payer.","l10n_tn.tn_chart_template","account.data_account_type_payable","True"
"pcg_45386","453860","Autres charges à payer.","l10n_tn.tn_chart_template","account.data_account_type_payable","True"
"pcg_45387","453870","Produits à recevoir.","l10n_tn.tn_chart_template","account.data_account_type_payable","True"
"pcg_454","454000","Dettes sur acquisitions de valeurs mobilières de placement.","l10n_tn.tn_chart_template","account.data_account_type_payable","True"
"pcg_455","455000","Créances sur cessions de valeurs mobilières de placement.","l10n_tn.tn_chart_template","account.data_account_type_payable","True"
"pcg_457","457000","Autres comptes débiteurs ou créditeurs.","l10n_tn.tn_chart_template","account.data_account_type_payable","True"
"pcg_458","458000","Diverses charges à payer et produits à recevoir.","l10n_tn.tn_chart_template","account.data_account_type_payable","True"
"pcg_4586","458600","Charges à payer.","l10n_tn.tn_chart_template","account.data_account_type_payable","True"
"pcg_4587","458700","Produits à recevoir.","l10n_tn.tn_chart_template","account.data_account_type_payable","True"
"pcg_46","460000","Comptes transitoires ou d'attente.","l10n_tn.tn_chart_template","account.data_account_type_payable","True"
"pcg_461","461000","Compte d'attente.","l10n_tn.tn_chart_template","account.data_account_type_payable","True"
"pcg_465","465000","Différence de conversion sur éléments courants.","l10n_tn.tn_chart_template","account.data_account_type_payable","True"
"pcg_4651","465100","Différences de conversion actif.","l10n_tn.tn_chart_template","account.data_account_type_payable","True"
"pcg_4652","465200","Différences de conversion passif.","l10n_tn.tn_chart_template","account.data_account_type_payable","True"
"pcg_468","468000","Autres comptes transitoires.","l10n_tn.tn_chart_template","account.data_account_type_payable","True"
"pcg_47","470000","Comptes de régularisation.","l10n_tn.tn_chart_template","account.data_account_type_payable","True"
"pcg_471","471000","Charges constatées d'avance.","l10n_tn.tn_chart_template","account.data_account_type_payable","True"
"pcg_472","472000","Produits constatés d'avance.","l10n_tn.tn_chart_template","account.data_account_type_payable","True"
"pcg_478","478000","Comptes de répartition périodique de charges et produits.","l10n_tn.tn_chart_template","account.data_account_type_payable","True"
"pcg_4786","478600","Charges.","l10n_tn.tn_chart_template","account.data_account_type_payable","True"
"pcg_4787","478700","Produits.","l10n_tn.tn_chart_template","account.data_account_type_payable","True"
"pcg_48","480000","Provisions courantes pour risques et charges.","l10n_tn.tn_chart_template","account.data_account_type_payable","True"
"pcg_49","490000","Provisions pour dépréciation des comptes de tiers.","l10n_tn.tn_chart_template","account.data_account_type_payable","True"
"pcg_491","491000","Provisions pour dépréciation des comptes clients.","l10n_tn.tn_chart_template","account.data_account_type_payable","True"
"pcg_494","494000","Provisions pour dépréciation des comptes de groupe et associés.","l10n_tn.tn_chart_template","account.data_account_type_payable","True"
"pcg_4941","494100","Comptes du groupe.","l10n_tn.tn_chart_template","account.data_account_type_payable","True"
"pcg_4942","494200","Comptes courants des associés","l10n_tn.tn_chart_template","account.data_account_type_payable","True"
"pcg_4948","494800","Opérations faites en commun.","l10n_tn.tn_chart_template","account.data_account_type_payable","True"
"pcg_495","495000","Provisions pour dépréciation des comptes de débiteurs divers.","l10n_tn.tn_chart_template","account.data_account_type_payable","True"
"pcg_4952","495200","Créances sur cession d'immobilisation.","l10n_tn.tn_chart_template","account.data_account_type_payable","True"
"pcg_4955","495500","Créances sur cession des valeurs mobilières de placement.","l10n_tn.tn_chart_template","account.data_account_type_payable","True"
"pcg_4957","495700","Autres comptes débiteurs.","l10n_tn.tn_chart_template","account.data_account_type_payable","True"
"pcg_50","500000","Emprunts et autres dettes financières courants.","l10n_tn.tn_chart_template","account.data_account_type_current_liabilities","False"
"pcg_501","501000","Emprunts courants liés au cycle d'exploitation.","l10n_tn.tn_chart_template","account.data_account_type_current_liabilities","False"
"pcg_505","505000","Échéances à moins d'un an sur emprunts non courants.","l10n_tn.tn_chart_template","account.data_account_type_current_liabilities","False"
"pcg_506","506000","Concours bancaires courants.","l10n_tn.tn_chart_template","account.data_account_type_current_liabilities","False"
"pcg_5061","506100","Crédit de mobilisation de créances commerciales.","l10n_tn.tn_chart_template","account.data_account_type_current_liabilities","False"
"pcg_5063","506300","Mobilisation de créances nées à l'étranger.","l10n_tn.tn_chart_template","account.data_account_type_current_liabilities","False"
"pcg_5067","506700","Autres concours bancaires.","l10n_tn.tn_chart_template","account.data_account_type_current_liabilities","False"
"pcg_507","507000","Emprunts échus et impayés.","l10n_tn.tn_chart_template","account.data_account_type_current_liabilities","False"
"pcg_508","508000","Intérêts courus (à subdiviser selon la même ventilation que le compte 50).","l10n_tn.tn_chart_template","account.data_account_type_current_liabilities","False"
"pcg_51","510000","Prêts et autres créances financières courants.","l10n_tn.tn_chart_template","account.data_account_type_current_liabilities","False"
"pcg_511","511000","Prêts courants liés au cycle d'exploitation.","l10n_tn.tn_chart_template","account.data_account_type_current_liabilities","False"
"pcg_516","516000","Échéances à moins d'un an sur prêts non courants.","l10n_tn.tn_chart_template","account.data_account_type_current_liabilities","False"
"pcg_517","517000","Échéances à moins d'un an sur autres créances financières.","l10n_tn.tn_chart_template","account.data_account_type_current_liabilities","False"
"pcg_518","518000","Intérêts courus.","l10n_tn.tn_chart_template","account.data_account_type_current_liabilities","False"
"pcg_52","520000","Placements courants.","l10n_tn.tn_chart_template","account.data_account_type_current_liabilities","False"
"pcg_523","523000","Actions.","l10n_tn.tn_chart_template","account.data_account_type_current_liabilities","False"
"pcg_5231","523100","Titres cotés.","l10n_tn.tn_chart_template","account.data_account_type_current_liabilities","False"
"pcg_5235","523500","Titres non cotés.","l10n_tn.tn_chart_template","account.data_account_type_current_liabilities","False"
"pcg_524","524000","Autres titres conférant un droit de propriété.","l10n_tn.tn_chart_template","account.data_account_type_current_liabilities","False"
"pcg_525","525000","Obligations et bons émis par la société et rachetés par elle.","l10n_tn.tn_chart_template","account.data_account_type_current_liabilities","False"
"pcg_526","526000","Obligations.","l10n_tn.tn_chart_template","account.data_account_type_current_liabilities","False"
"pcg_5261","526100","Titres cotés.","l10n_tn.tn_chart_template","account.data_account_type_current_liabilities","False"
"pcg_5265","526500","Titres non cotés.","l10n_tn.tn_chart_template","account.data_account_type_current_liabilities","False"
"pcg_5266","526600","Échéances à moins d'un an sur les obligations immobilisées.","l10n_tn.tn_chart_template","account.data_account_type_current_liabilities","False"
"pcg_527","527000","Bons du trésor et bons de caisse à court terme.","l10n_tn.tn_chart_template","account.data_account_type_current_liabilities","False"
"pcg_528","528000","Autres placements courants et créances assimilées.","l10n_tn.tn_chart_template","account.data_account_type_current_liabilities","False"
"pcg_5281","528100","Autres valeurs mobilières.","l10n_tn.tn_chart_template","account.data_account_type_current_liabilities","False"
"pcg_5288","528800","Intérêts courus sur obligations, bons et valeurs assimilées.","l10n_tn.tn_chart_template","account.data_account_type_current_liabilities","False"
"pcg_529","529000","Versements restant à effectuer sur valeurs mobilières de placement non libérées.","l10n_tn.tn_chart_template","account.data_account_type_current_liabilities","False"
"pcg_53","530000","Banques, établissements financiers et assimilés.","l10n_tn.tn_chart_template","account.data_account_type_current_liabilities","False"
"pcg_531","531000","Valeurs à l'encaissement.","l10n_tn.tn_chart_template","account.data_account_type_current_liabilities","False"
"pcg_5311","531100","Coupons échus à l'encaissement.","l10n_tn.tn_chart_template","account.data_account_type_current_liabilities","False"
"pcg_5312","531200","Chèques à encaisser.","l10n_tn.tn_chart_template","account.data_account_type_current_liabilities","False"
"pcg_5313","531300","Effets à l'encaissement.","l10n_tn.tn_chart_template","account.data_account_type_current_liabilities","False"
"pcg_5314","531400","Effets à l'escompte.","l10n_tn.tn_chart_template","account.data_account_type_current_liabilities","False"
"pcg_532","532000","Banques.","l10n_tn.tn_chart_template","account.data_account_type_current_liabilities","False"
"pcg_5321","532100","Comptes en dinars.","l10n_tn.tn_chart_template","account.data_account_type_current_liabilities","False"
"pcg_5324","532400","Comptes en devises.","l10n_tn.tn_chart_template","account.data_account_type_current_liabilities","False"
"pcg_534","534000","C.C.P.","l10n_tn.tn_chart_template","account.data_account_type_current_liabilities","False"
"pcg_535","535000","Comptes au trésor.","l10n_tn.tn_chart_template","account.data_account_type_current_liabilities","False"
"pcg_537","537000","Autres organismes financiers.","l10n_tn.tn_chart_template","account.data_account_type_current_liabilities","False"
"pcg_54","540000","Caisse.","l10n_tn.tn_chart_template","account.data_account_type_current_liabilities","False"
"pcg_541","541000","Caisse siège social.","l10n_tn.tn_chart_template","account.data_account_type_current_liabilities","False"
"pcg_5411","541100","Caisse en dinars.","l10n_tn.tn_chart_template","account.data_account_type_current_liabilities","False"
"pcg_5414","541400","Caisse en devises.","l10n_tn.tn_chart_template","account.data_account_type_current_liabilities","False"
"pcg_542","542000","Caisses succursales.","l10n_tn.tn_chart_template","account.data_account_type_current_liabilities","False"
"pcg_55","550000","Régies d'avances & accréditifs.","l10n_tn.tn_chart_template","account.data_account_type_current_liabilities","False"
"pcg_58","580000","Virements internes.","l10n_tn.tn_chart_template","account.data_account_type_current_liabilities","False"
"pcg_59","590000","Provisions pour dépréciation des comptes financiers.","l10n_tn.tn_chart_template","account.data_account_type_current_liabilities","False"
"pcg_60","600000","Achats (sauf 603)","l10n_tn.tn_chart_template","account.data_account_type_expenses","False"
"pcg_601","601000","Achats stockés - Matières premières et fournitures liées.","l10n_tn.tn_chart_template","account.data_account_type_expenses","False"
"pcg_602","602000","Achats stockés - Autres approvisionnements.","l10n_tn.tn_chart_template","account.data_account_type_expenses","False"
"pcg_6021","602100","Matières consommables.","l10n_tn.tn_chart_template","account.data_account_type_expenses","False"
"pcg_6022","602200","Fournitures consommables.","l10n_tn.tn_chart_template","account.data_account_type_expenses","False"
"pcg_6026","602600","Emballages.","l10n_tn.tn_chart_template","account.data_account_type_expenses","False"
"pcg_603","603000","Variation des stocks (approvisionnements et marchandises).","l10n_tn.tn_chart_template","account.data_account_type_expenses","False"
"pcg_6031","603100","Variation des stocks de matière première et fournitures.","l10n_tn.tn_chart_template","account.data_account_type_expenses","False"
"pcg_6032","603200","3Variation des stocks des autres approvisionnements.","l10n_tn.tn_chart_template","account.data_account_type_expenses","False"
"pcg_604","604000","Achats d’études et de prestations de services (y compris achat de sous-traitance de production).","l10n_tn.tn_chart_template","account.data_account_type_expenses","False"
"pcg_605","605000","Achats de matériel, équipements et travaux.","l10n_tn.tn_chart_template","account.data_account_type_expenses","False"
"pcg_606","606000","Achats non stockés de matières et fournitures.","l10n_tn.tn_chart_template","account.data_account_type_expenses","False"
"pcg_607","607000","Achats de marchandises.","l10n_tn.tn_chart_template","account.data_account_type_expenses","False"
"pcg_608","608000","Achats liés à une modification comptable à prendre en compte dans le résultat de l'exercice ou à une activité abandonnée.","l10n_tn.tn_chart_template","account.data_account_type_expenses","False"
"pcg_609","609000","Rabais, remises et ristournes obtenus sur achats.","l10n_tn.tn_chart_template","account.data_account_type_expenses","False"
"pcg_6098","609800","Liés à une modification comptable à prendre en compte dans le résultat de l'exercice ou à une activité abandonnée.","l10n_tn.tn_chart_template","account.data_account_type_expenses","False"
"pcg_61","610000","Services extérieurs.","l10n_tn.tn_chart_template","account.data_account_type_expenses","False"
"pcg_611","611000","Sous-traitance générale.","l10n_tn.tn_chart_template","account.data_account_type_expenses","False"
"pcg_612","612000","Redevances pour utilisation d'immobilisations concédées.","l10n_tn.tn_chart_template","account.data_account_type_expenses","False"
"pcg_613","613000","Locations (y compris malis sur emballages).","l10n_tn.tn_chart_template","account.data_account_type_expenses","False"
"pcg_614","614000","Charges locatives et de copropriété.","l10n_tn.tn_chart_template","account.data_account_type_expenses","False"
"pcg_615","615000","Entretien et réparations.","l10n_tn.tn_chart_template","account.data_account_type_expenses","False"
"pcg_616","616000","Primes d'assurances.","l10n_tn.tn_chart_template","account.data_account_type_expenses","False"
"pcg_617","617000","Études, recherches et divers services extérieurs.","l10n_tn.tn_chart_template","account.data_account_type_expenses","False"
"pcg_618","618000","Autres charges liées à une modification comptable à prendre en compte dans le résultat de l'exercice ou à une activité abandonnée.","l10n_tn.tn_chart_template","account.data_account_type_expenses","False"
"pcg_619","619000","Rabais, remises et ristournes obtenus sur services extérieurs.","l10n_tn.tn_chart_template","account.data_account_type_expenses","False"
"pcg_62","620000","Autres services extérieurs.","l10n_tn.tn_chart_template","account.data_account_type_expenses","False"
"pcg_621","621000","Personnel extérieur à l'entreprise.","l10n_tn.tn_chart_template","account.data_account_type_expenses","False"
"pcg_622","622000","Rémunération d'intermédiaires et honoraires.","l10n_tn.tn_chart_template","account.data_account_type_expenses","False"
"pcg_623","623000","Publicité, publications, relations publiques.","l10n_tn.tn_chart_template","account.data_account_type_expenses","False"
"pcg_624","624000","Transports de biens et transports collectifs du personnel.","l10n_tn.tn_chart_template","account.data_account_type_expenses","False"
"pcg_6241","624100","Transports sur achats.","l10n_tn.tn_chart_template","account.data_account_type_expenses","False"
"pcg_6242","624200","Transports sur ventes.","l10n_tn.tn_chart_template","account.data_account_type_expenses","False"
"pcg_6244","624400","Transports administratifs.","l10n_tn.tn_chart_template","account.data_account_type_expenses","False"
"pcg_6247","624700","Transports collectifs du personnel.","l10n_tn.tn_chart_template","account.data_account_type_expenses","False"
"pcg_6248","624800","Divers.","l10n_tn.tn_chart_template","account.data_account_type_expenses","False"
"pcg_625","625000","Déplacements, missions et réceptions.","l10n_tn.tn_chart_template","account.data_account_type_expenses","False"
"pcg_6251","625100","Voyages et déplacements.","l10n_tn.tn_chart_template","account.data_account_type_expenses","False"
"pcg_6255","625500","Frais de déménagement.","l10n_tn.tn_chart_template","account.data_account_type_expenses","False"
"pcg_6256","625600","Missions.","l10n_tn.tn_chart_template","account.data_account_type_expenses","False"
"pcg_6257","625700","Réceptions.","l10n_tn.tn_chart_template","account.data_account_type_expenses","False"
"pcg_626","626000","Frais postaux et frais de télécommunications.","l10n_tn.tn_chart_template","account.data_account_type_expenses","False"
"pcg_627","627000","Services bancaires et assimilés.","l10n_tn.tn_chart_template","account.data_account_type_expenses","False"
"pcg_6271","627100","Frais sur titres (achats, vente, garde).","l10n_tn.tn_chart_template","account.data_account_type_expenses","False"
"pcg_6272","627200","Commissions et frais sur émission d'emprunts.","l10n_tn.tn_chart_template","account.data_account_type_expenses","False"
"pcg_6275","627500","Frais sur effets.","l10n_tn.tn_chart_template","account.data_account_type_expenses","False"
"pcg_6276","627600","Location de coffres.","l10n_tn.tn_chart_template","account.data_account_type_expenses","False"
"pcg_6278","627800","Autres frais et commissions sur prestations de services.","l10n_tn.tn_chart_template","account.data_account_type_expenses","False"
"pcg_628","628000","Autres services extérieurs liés à une modification comptable à prendre en compte dans le résultat de l'exercice ou à une activité abandonnée.","l10n_tn.tn_chart_template","account.data_account_type_expenses","False"
"pcg_629","629000","Rabais, remises et ristournes obtenus sur autres services extérieurs.","l10n_tn.tn_chart_template","account.data_account_type_expenses","False"
"pcg_63","630000","Charges diverses ordinaires.","l10n_tn.tn_chart_template","account.data_account_type_expenses","False"
"pcg_631","631000","Redevances pour concessions de marques, brevets, licences, procédés, droits et valeurs similaires.","l10n_tn.tn_chart_template","account.data_account_type_expenses","False"
"pcg_633","633000","Jetons de présence.","l10n_tn.tn_chart_template","account.data_account_type_expenses","False"
"pcg_634","634000","Pertes sur créances irrécouvrables.","l10n_tn.tn_chart_template","account.data_account_type_expenses","False"
"pcg_6341","634100","Créances de l'exercice.","l10n_tn.tn_chart_template","account.data_account_type_expenses","False"
"pcg_6344","634400","Créances des exercices antérieurs.","l10n_tn.tn_chart_template","account.data_account_type_expenses","False"
"pcg_635","635000","Quotes-parts de résultat sur opérations faites en commun.","l10n_tn.tn_chart_template","account.data_account_type_expenses","False"
"pcg_6351","635100","Quote-part de bénéfice transférée (comptabilité du gérant).","l10n_tn.tn_chart_template","account.data_account_type_expenses","False"
"pcg_6355","635500","Quote-part de perte supportée (comptabilité des associés non gérants).","l10n_tn.tn_chart_template","account.data_account_type_expenses","False"
"pcg_636","636000","Charges nettes sur cessions d'immobilisations et autres pertes sur éléments non récurrents ou exceptionnels.","l10n_tn.tn_chart_template","account.data_account_type_expenses","False"
"pcg_637","637000","Réduction de valeur.","l10n_tn.tn_chart_template","account.data_account_type_expenses","False"
"pcg_638","638000","Charges diverses ordinaires liées à une modification comptable à prendre en compte dans le résultat de l'exercice ou à une activité abandonnée.","l10n_tn.tn_chart_template","account.data_account_type_expenses","False"
"pcg_6400","640000","Salaires.","l10n_tn.tn_chart_template","account.data_account_type_expenses","False"
"pcg_6401","640100","Heures supplémentaires.","l10n_tn.tn_chart_template","account.data_account_type_expenses","False"
"pcg_6402","640200","Primes.","l10n_tn.tn_chart_template","account.data_account_type_expenses","False"
"pcg_6403","640300","Gratifications.","l10n_tn.tn_chart_template","account.data_account_type_expenses","False"
"pcg_6404","640400","Avantages en nature.","l10n_tn.tn_chart_template","account.data_account_type_expenses","False"
"pcg_6409","640900","Autres compléments de salaires.","l10n_tn.tn_chart_template","account.data_account_type_expenses","False"
"pcg_6420","642000","Appointements.","l10n_tn.tn_chart_template","account.data_account_type_expenses","False"
"pcg_6421","642100","Heures supplémentaires.","l10n_tn.tn_chart_template","account.data_account_type_expenses","False"
"pcg_6422","642200","Primes.","l10n_tn.tn_chart_template","account.data_account_type_expenses","False"
"pcg_6423","642300","Gratifications.","l10n_tn.tn_chart_template","account.data_account_type_expenses","False"
"pcg_6424","642400","Avantages en nature.","l10n_tn.tn_chart_template","account.data_account_type_expenses","False"
"pcg_6429","642900","Autres compléments d'appointements.","l10n_tn.tn_chart_template","account.data_account_type_expenses","False"
"pcg_643","643000","Indemnités représentatives de frais.","l10n_tn.tn_chart_template","account.data_account_type_expenses","False"
"pcg_6440","644000","Commissions sur achats.","l10n_tn.tn_chart_template","account.data_account_type_expenses","False"
"pcg_6441","644100","Commissions sur ventes.","l10n_tn.tn_chart_template","account.data_account_type_expenses","False"
"pcg_645","645000","Rémunérations des administrateurs, gérants et associés.","l10n_tn.tn_chart_template","account.data_account_type_expenses","False"
"pcg_64600","646000","Congés payés.","l10n_tn.tn_chart_template","account.data_account_type_expenses","False"
"pcg_64602","646020","Indemnités de préavis et de licenciements (gratification de fin de service)","l10n_tn.tn_chart_template","account.data_account_type_expenses","False"
"pcg_64604","646040","Supplément familial.","l10n_tn.tn_chart_template","account.data_account_type_expenses","False"
"pcg_64620","646200","Congés payés.","l10n_tn.tn_chart_template","account.data_account_type_expenses","False"
"pcg_64622","646220","Indemnités de préavis et de licenciement (gratification de fin de service).","l10n_tn.tn_chart_template","account.data_account_type_expenses","False"
"pcg_64624","646240","Supplément familial.","l10n_tn.tn_chart_template","account.data_account_type_expenses","False"
"pcg_64640","646400","Congés payés.","l10n_tn.tn_chart_template","account.data_account_type_expenses","False"
"pcg_64642","646420","Indemnités de préavis et de licenciement (gratification de fin de service).","l10n_tn.tn_chart_template","account.data_account_type_expenses","False"
"pcg_64644","646440","Supplément familial.","l10n_tn.tn_chart_template","account.data_account_type_expenses","False"
"pcg_64650","646500","Congés payés.","l10n_tn.tn_chart_template","account.data_account_type_expenses","False"
"pcg_64652","646520","Indemnités de préavis et de licenciement.","l10n_tn.tn_chart_template","account.data_account_type_expenses","False"
"pcg_64654","646540","Supplément familial.","l10n_tn.tn_chart_template","account.data_account_type_expenses","False"
"pcg_6470","647000","Cotisations de sécurité sociale sur salaires.","l10n_tn.tn_chart_template","account.data_account_type_expenses","False"
"pcg_6472","647200","Cotisations de sécurité sociale sur appointements.","l10n_tn.tn_chart_template","account.data_account_type_expenses","False"
"pcg_6474","647400","Cotisations de sécurité sociale sur commissions.","l10n_tn.tn_chart_template","account.data_account_type_expenses","False"
"pcg_6475","647500","Cotisations de sécurité sociale sur rémunérations des administrateurs et gérants","l10n_tn.tn_chart_template","account.data_account_type_expenses","False"
"pcg_6476","647600","Prestations directes.","l10n_tn.tn_chart_template","account.data_account_type_expenses","False"
"pcg_648","648000","Charges de personnel liées à une modification comptable à imputer au résultat de l'exercice ou à une activité abandonnée.","l10n_tn.tn_chart_template","account.data_account_type_expenses","False"
"pcg_6490","649000","Autres charges de personnel.","l10n_tn.tn_chart_template","account.data_account_type_expenses","False"
"pcg_6495","649500","Au tres charges sociales.","l10n_tn.tn_chart_template","account.data_account_type_expenses","False"
"pcg_65","650000","Charges financières.","l10n_tn.tn_chart_template","account.data_account_type_expenses","False"
"pcg_651","651000","Charges d'intérêts.","l10n_tn.tn_chart_template","account.data_account_type_expenses","False"
"pcg_6511","651100","Intérêts des emprunts et dettes.","l10n_tn.tn_chart_template","account.data_account_type_expenses","False"
"pcg_65116","651160","Des emprunts et dettes assimilées.","l10n_tn.tn_chart_template","account.data_account_type_expenses","False"
"pcg_65117","651170","Des dettes rattachées à des participations.","l10n_tn.tn_chart_template","account.data_account_type_expenses","False"
"pcg_6515","651500","Intérêts des comptes courants et des dépôts créditeurs.","l10n_tn.tn_chart_template","account.data_account_type_expenses","False"
"pcg_6516","651600","Intérêts bancaires et sur opérations de financement.","l10n_tn.tn_chart_template","account.data_account_type_expenses","False"
"pcg_6517","651700","Intérêts des obligations cautionnées.","l10n_tn.tn_chart_template","account.data_account_type_expenses","False"
"pcg_6518","651800","Intérêts des autres dettes (y compris les pénalités et intérêts de retard sur emprunts).","l10n_tn.tn_chart_template","account.data_account_type_expenses","False"
"pcg_653","653000","Pertes sur créances liées à des participations.","l10n_tn.tn_chart_template","account.data_account_type_expenses","False"
"pcg_654","654000","Escomptes accordés.","l10n_tn.tn_chart_template","account.data_account_type_expenses","False"
"pcg_655","655000","Pertes de change.","l10n_tn.tn_chart_template","account.data_account_type_expenses","False"
"pcg_656","656000","Charges nettes sur cessions de valeurs mobilières.","l10n_tn.tn_chart_template","account.data_account_type_expenses","False"
"pcg_657","657000","Autres charges financières.","l10n_tn.tn_chart_template","account.data_account_type_expenses","False"
"pcg_658","658000","Charges financières liées à une modification comptable à imputer au résultat de l'exercice ou à une activité abandonnée.","l10n_tn.tn_chart_template","account.data_account_type_expenses","False"
"pcg_66","660000","Impôts, taxes et versements assimilés.","l10n_tn.tn_chart_template","account.data_account_type_expenses","False"
"pcg_661","661000","Impôts, taxes et versements assimilés sur rémunérations.","l10n_tn.tn_chart_template","account.data_account_type_expenses","False"
"pcg_6611","661100","TFP.","l10n_tn.tn_chart_template","account.data_account_type_expenses","False"
"pcg_6612","661200","FOPROLOS.","l10n_tn.tn_chart_template","account.data_account_type_expenses","False"
"pcg_6618","661800","Autres.","l10n_tn.tn_chart_template","account.data_account_type_expenses","False"
"pcg_665","665000","Autres impôts, taxes et versements assimilés.","l10n_tn.tn_chart_template","account.data_account_type_expenses","False"
"pcg_6651","665100","Impôts et taxes divers (sauf impôts sur les bénéfices).","l10n_tn.tn_chart_template","account.data_account_type_expenses","False"
"pcg_6652","665200","Taxes sur le chiffre d'affaires non récupérables.","l10n_tn.tn_chart_template","account.data_account_type_expenses","False"
"pcg_6654","665400","Droits d'enregistrement et de timbre.","l10n_tn.tn_chart_template","account.data_account_type_expenses","False"
"pcg_6655","665500","Taxes sur les véhicules.","l10n_tn.tn_chart_template","account.data_account_type_expenses","False"
"pcg_6658","665800","Autres droits.","l10n_tn.tn_chart_template","account.data_account_type_expenses","False"
"pcg_668","668000","Impôts et taxes liés à une modification comptable à imputer au résultat de l'exercice ou à une activité abandonnée.","l10n_tn.tn_chart_template","account.data_account_type_expenses","False"
"pcg_67","670000","Pertes extraordinaires.","l10n_tn.tn_chart_template","account.data_account_type_expenses","False"
"pcg_68","680000","Dotations aux amortissements et aux provisions.","l10n_tn.tn_chart_template","account.data_account_type_expenses","False"
"pcg_681","681000","Dotations aux amortissements et aux provisions - charges ordinaires (autres que financières).","l10n_tn.tn_chart_template","account.data_account_type_expenses","False"
"pcg_6811","681100","Dotations aux amortissements des immobilisations incorporelles et corporelles.","l10n_tn.tn_chart_template","account.data_account_type_expenses","False"
"pcg_68111","681110","Immobilisations incorporelles.","l10n_tn.tn_chart_template","account.data_account_type_expenses","False"
"pcg_68112","681120","Immobilisations corporelles.","l10n_tn.tn_chart_template","account.data_account_type_expenses","False"
"pcg_6812","681200","Dotations aux résorptions des charges reportées.","l10n_tn.tn_chart_template","account.data_account_type_expenses","False"
"pcg_6815","681500","Dotations aux provisions pour risques et charges d'exploitation.","l10n_tn.tn_chart_template","account.data_account_type_expenses","False"
"pcg_6816","681600","Dotations aux provisions pour dépréciation des immobilisations incorporelles et corporelles.","l10n_tn.tn_chart_template","account.data_account_type_expenses","False"
"pcg_68161","681610","Immobilisations incorporelles.","l10n_tn.tn_chart_template","account.data_account_type_expenses","False"
"pcg_68162","681620","Immobilisations corporelles.","l10n_tn.tn_chart_template","account.data_account_type_expenses","False"
"pcg_6817","681700","Dotations aux provisions pour dépréciation des actifs courants (autres que les valeurs mobilières de placement et les équivalents de liquidités).","l10n_tn.tn_chart_template","account.data_account_type_expenses","False"
"pcg_68173","681730","Stocks et en-cours.","l10n_tn.tn_chart_template","account.data_account_type_expenses","False"
"pcg_68174","681740","Créances.","l10n_tn.tn_chart_template","account.data_account_type_expenses","False"
"pcg_6818","681800","Dotations aux amortissements et aux provisions liées à une modification comptable à imputer au résultat de l'exercice ou à une activité abandonnée.","l10n_tn.tn_chart_template","account.data_account_type_expenses","False"
"pcg_686","686000","Dotations aux amortissements et aux provisions - charges financières.","l10n_tn.tn_chart_template","account.data_account_type_expenses","False"
"pcg_6861","686100","Dotations aux amortissements des primes de remboursement des obligations","l10n_tn.tn_chart_template","account.data_account_type_expenses","False"
"pcg_6865","686500","Dotations aux provisions pour risques et charges financières.","l10n_tn.tn_chart_template","account.data_account_type_expenses","False"
"pcg_6866","686600","Dotations aux provisions pour dépréciation des éléments financiers.","l10n_tn.tn_chart_template","account.data_account_type_expenses","False"
"pcg_68662","686620","Immobilisations financières.","l10n_tn.tn_chart_template","account.data_account_type_expenses","False"
"pcg_68665","686650","Placements et prêts courants.","l10n_tn.tn_chart_template","account.data_account_type_expenses","False"
"pcg_6868","686800","Dotations aux amortissements et aux provisions liées à une modification comptable inscrite dans le résultat de l'exercice ou à une activité abandonnée. (charges financières).","l10n_tn.tn_chart_template","account.data_account_type_expenses","False"
"pcg_69","690000","Impôts sur les bénéfices.","l10n_tn.tn_chart_template","account.data_account_type_expenses","False"
"pcg_691","691000","Impôts sur les bénéfices calculés sur le résultat des activités ordinaires.","l10n_tn.tn_chart_template","account.data_account_type_expenses","False"
"pcg_695","695000","Autres impôts sur les bénéfices (régimes particuliers).","l10n_tn.tn_chart_template","account.data_account_type_expenses","False"
"pcg_697","697000","Impôts sur les bénéfices calculés sur les éléments extraordinaires.","l10n_tn.tn_chart_template","account.data_account_type_expenses","False"
"pcg_70","700000","Ventes de produits fabriqués, prestations de services, marchandises.","l10n_tn.tn_chart_template","account.data_account_type_revenue","False"
"pcg_701","701000","Ventes de produits finis.","l10n_tn.tn_chart_template","account.data_account_type_revenue","False"
"pcg_7011","701100","Produits finis achevés.","l10n_tn.tn_chart_template","account.data_account_type_revenue","False"
"pcg_7012","701200","Produits finis non achevés (contrat de longue durée).","l10n_tn.tn_chart_template","account.data_account_type_revenue","False"
"pcg_702","702000","Ventes de produits intermédiaires.","l10n_tn.tn_chart_template","account.data_account_type_revenue","False"
"pcg_703","703000","Ventes de produits résiduels.","l10n_tn.tn_chart_template","account.data_account_type_revenue","False"
"pcg_704","704000","Travaux.","l10n_tn.tn_chart_template","account.data_account_type_revenue","False"
"pcg_705","705000","Études et prestations de services.","l10n_tn.tn_chart_template","account.data_account_type_revenue","False"
"pcg_706","706000","Produits des activités annexes.","l10n_tn.tn_chart_template","account.data_account_type_revenue","False"
"pcg_707","707000","Ventes de marchandises.","l10n_tn.tn_chart_template","account.data_account_type_revenue","False"
"pcg_708","708000","Ventes liées à une modification comptable à imputer au résultat de l'exercice ou à une activité abandonnée.","l10n_tn.tn_chart_template","account.data_account_type_revenue","False"
"pcg_709","709000","Rabais, remises et ristournes accordés par l'entreprise.","l10n_tn.tn_chart_template","account.data_account_type_revenue","False"
"pcg_7091","709100","Sur ventes de produits finis.","l10n_tn.tn_chart_template","account.data_account_type_revenue","False"
"pcg_7092","709200","Sur ventes de produits intermédiaires.","l10n_tn.tn_chart_template","account.data_account_type_revenue","False"
"pcg_7094","709400","Sur travaux.","l10n_tn.tn_chart_template","account.data_account_type_revenue","False"
"pcg_7095","709500","Sur études et prestations de services.","l10n_tn.tn_chart_template","account.data_account_type_revenue","False"
"pcg_7096","709600","Sur activités annexes.","l10n_tn.tn_chart_template","account.data_account_type_revenue","False"
"pcg_7097","709700","Sur ventes de marchandises.","l10n_tn.tn_chart_template","account.data_account_type_revenue","False"
"pcg_7098","709800","Sur ventes liées à une modification comptable à imputer au résultat de l'exercice ou à une activité abandonnée.","l10n_tn.tn_chart_template","account.data_account_type_revenue","False"
"pcg_71","710000","Production stockée (ou destockage).","l10n_tn.tn_chart_template","account.data_account_type_revenue","False"
"pcg_713","713000","Variation des stocks (en-cours de production, produits).","l10n_tn.tn_chart_template","account.data_account_type_revenue","False"
"pcg_7133","713300","Variations des en-cours de production de biens.","l10n_tn.tn_chart_template","account.data_account_type_revenue","False"
"pcg_7134","713400","Variation des en-cours de production de services.","l10n_tn.tn_chart_template","account.data_account_type_revenue","False"
"pcg_7135","713500","Variation des stocks de produits.","l10n_tn.tn_chart_template","account.data_account_type_revenue","False"
"pcg_72","720000","Production immobilisée.","l10n_tn.tn_chart_template","account.data_account_type_revenue","False"
"pcg_721","721000","Immobilisations incorporelles.","l10n_tn.tn_chart_template","account.data_account_type_revenue","False"
"pcg_722","722000","Immobilisations corporelles.","l10n_tn.tn_chart_template","account.data_account_type_revenue","False"
"pcg_728","728000","Production immobilisée liée à une modification comptable à imputer au résultat de l'exercice ou à une activité abandonnée.","l10n_tn.tn_chart_template","account.data_account_type_revenue","False"
"pcg_73","730000","Produits divers ordinaires.","l10n_tn.tn_chart_template","account.data_account_type_revenue","False"
"pcg_731","731000","Redevances pour concessions, brevets, licences, marques, procédés, droits et valeurs similaires.","l10n_tn.tn_chart_template","account.data_account_type_revenue","False"
"pcg_732","732000","Revenus des immeubles non affectés aux activités professionnelles.","l10n_tn.tn_chart_template","account.data_account_type_revenue","False"
"pcg_733","733000","Jetons de présence et rémunérations d'administrateurs, gérants.","l10n_tn.tn_chart_template","account.data_account_type_revenue","False"
"pcg_734","734000","Ristournes perçues des coopératives (provenant des excédents).","l10n_tn.tn_chart_template","account.data_account_type_revenue","False"
"pcg_735","735000","Quotes-parts de résultat sur opérations faites en commun.","l10n_tn.tn_chart_template","account.data_account_type_revenue","False"
"pcg_736","736000","Produits nets sur cessions d'immobilisations et autres gains sur éléments non récurrents ou exceptionnels.","l10n_tn.tn_chart_template","account.data_account_type_revenue","False"
"pcg_738","738000","Produits divers ordinaires liés à une modification comptable à imputer au résultat de l'exercice ou à une activité abandonnée.","l10n_tn.tn_chart_template","account.data_account_type_revenue","False"
"pcg_739","739000","Quotes-parts des subventions d'investissement inscrites au résultat de l'exercice.","l10n_tn.tn_chart_template","account.data_account_type_revenue","False"
"pcg_74","740000","Subventions d'exploitation et d'équilibre.","l10n_tn.tn_chart_template","account.data_account_type_revenue","False"
"pcg_741","741000","Subventions d'exploitation. ","l10n_tn.tn_chart_template","account.data_account_type_revenue","False"
"pcg_745","745000","Subventions d'équilibre.","l10n_tn.tn_chart_template","account.data_account_type_revenue","False"
"pcg_748","748000","Subventions liées à une modification comptable à imputer au résultat de l'exercice ou à une activité abandonnée.","l10n_tn.tn_chart_template","account.data_account_type_revenue","False"
"pcg_75","750000","Produits financiers.","l10n_tn.tn_chart_template","account.data_account_type_revenue","False"
"pcg_751","751000","Produits des participations.","l10n_tn.tn_chart_template","account.data_account_type_revenue","False"
"pcg_752","752000","Produits des autres immobilisations financières.","l10n_tn.tn_chart_template","account.data_account_type_revenue","False"
"pcg_753","753000","Revenus des autres créances.","l10n_tn.tn_chart_template","account.data_account_type_revenue","False"
"pcg_754","754000","Revenus des valeurs mobilières de placement.","l10n_tn.tn_chart_template","account.data_account_type_revenue","False"
"pcg_755","755000","Escomptes obtenus.","l10n_tn.tn_chart_template","account.data_account_type_revenue","False"
"pcg_756","756000","Gains de change.","l10n_tn.tn_chart_template","account.data_account_type_revenue","False"
"pcg_757","757000","Produits nets sur cessions de valeurs mobilières.","l10n_tn.tn_chart_template","account.data_account_type_revenue","False"
"pcg_758","758000","Produits financiers liés à une modification comptable à imputer au résultat de l'exercice ou à une activité abandonnée.","l10n_tn.tn_chart_template","account.data_account_type_revenue","False"
"pcg_77","770000","Gains extraordinaires.","l10n_tn.tn_chart_template","account.data_account_type_revenue","False"
"pcg_78","780000","Reprises sur amortissements et provisions.","l10n_tn.tn_chart_template","account.data_account_type_revenue","False"
"pcg_781","781000","Reprises sur amortissements et provisions (à inscrire dans les produits ordinaires).","l10n_tn.tn_chart_template","account.data_account_type_revenue","False"
"pcg_7811","781100","Reprises sur amortissements des immobilisations incorporelles et corporelles.","l10n_tn.tn_chart_template","account.data_account_type_revenue","False"
"pcg_78111","781110","Immobilisations incorporelles.","l10n_tn.tn_chart_template","account.data_account_type_revenue","False"
"pcg_78112","781120","Immobilisations corporelles.","l10n_tn.tn_chart_template","account.data_account_type_revenue","False"
"pcg_7815","781500","Reprises sur provisions pour risques et charges d'exploitation.","l10n_tn.tn_chart_template","account.data_account_type_revenue","False"
"pcg_7816","781600","Reprises sur provisions pour dépréciation des immobilisations incorporelles et corporelles.","l10n_tn.tn_chart_template","account.data_account_type_revenue","False"
"pcg_78161","781610","Immobilisations incorporelles.","l10n_tn.tn_chart_template","account.data_account_type_revenue","False"
"pcg_78162","781620","Immobilisations corporelles.","l10n_tn.tn_chart_template","account.data_account_type_revenue","False"
"pcg_7817","781700","Reprises sur provisions pour dépréciation des actifs courants (autres que les valeurs mobilières de placement et les équivalents de liquidités).","l10n_tn.tn_chart_template","account.data_account_type_revenue","False"
"pcg_78173","781730","Stocks et en-cours.","l10n_tn.tn_chart_template","account.data_account_type_revenue","False"
"pcg_78174","781740","Créances.","l10n_tn.tn_chart_template","account.data_account_type_revenue","False"
"pcg_7818","781800","Reprises sur provisions liées à une modification comptable inscrite aux résultats ou à une activité abandonnée.","l10n_tn.tn_chart_template","account.data_account_type_revenue","False"
"pcg_786","786000","Reprises sur provisions (à inscrire dans les produits financiers).","l10n_tn.tn_chart_template","account.data_account_type_revenue","False"
"pcg_79","790000","Transferts de charges.","l10n_tn.tn_chart_template","account.data_account_type_revenue","False"
